Model,Accuracy,Precision,Recall,F1 Score
Random Forest,0.9757,0.9599503371380878,0.9757,0.9668033738326489
XGBoost,0.9821,0.9817748895506767,0.9821,0.9791078509934378
