Model,Accuracy,Precision,Recall,F1 Score
Random Forest,0.9777,0.9618450076186201,0.9777,0.969322693314824
XGBoost,0.9757,0.9756301816019329,0.9757,0.9674753434088983
