Model,Accuracy,Precision,Recall,F1 Score
Random Forest,0.1543,0.9425512296245894,0.1543,0.23928459828554238
XGBoost,0.1714,0.916025106366023,0.1714,0.24112675914036144
